{"stats":{"minecraft:killed":{"minecraft:sheep":5,"minecraft:skeleton":3,"minecraft:wolf":1,"minecraft:zombie":2,"minecraft:spider":1,"minecraft:creeper":1,"minecraft:cow":7},"minecraft:mined":{"minecraft:large_fern":2,"minecraft:sweet_berry_bush":18,"minecraft:spruce_log":19,"minecraft:crafting_table":1,"minecraft:oak_log":16,"minecraft:grass_block":1,"minecraft:coal_ore":58,"minecraft:gravel":4,"minecraft:stripped_oak_log":1,"minecraft:spruce_leaves":2,"minecraft:stone":32,"minecraft:diorite":1},"minecraft:custom":{"minecraft:time_since_rest":17799,"minecraft:sprint_one_cm":50858,"minecraft:damage_taken":345,"minecraft:walk_one_cm":33088,"minecraft:mob_kills":20,"minecraft:damage_dealt":2565,"minecraft:interact_with_crafting_table":2,"minecraft:fly_one_cm":49573,"minecraft:crouch_one_cm":5688,"minecraft:play_time":17799,"minecraft:sneak_time":4674,"minecraft:walk_under_water_one_cm":115,"minecraft:jump":359,"minecraft:time_since_death":17799,"minecraft:walk_on_water_one_cm":440,"minecraft:total_world_time":17799,"minecraft:fall_one_cm":10681},"minecraft:used":{"minecraft:stone_sword":27,"minecraft:stone_pickaxe":75,"minecraft:wooden_pickaxe":16,"minecraft:stone_axe":48,"minecraft:dirt":1,"minecraft:sweet_berries":28,"minecraft:crafting_table":1},"minecraft:crafted":{"minecraft:oak_planks":4,"minecraft:crafting_table":1,"minecraft:spruce_planks":32,"minecraft:stick":16,"minecraft:wooden_pickaxe":1,"minecraft:stone_pickaxe":1,"minecraft:stone_sword":1,"minecraft:furnace":1,"minecraft:stone_axe":1},"minecraft:picked_up":{"minecraft:stripped_oak_log":1,"minecraft:stick":1,"minecraft:crafting_table":1,"minecraft:sweet_berries":38,"minecraft:leather":8,"minecraft:gravel":4,"minecraft:oak_log":16,"minecraft:spruce_sapling":8,"minecraft:gunpowder":2,"minecraft:diorite":1,"minecraft:spruce_log":22,"minecraft:dirt":31,"minecraft:arrow":5,"minecraft:bone":5,"minecraft:rotten_flesh":3,"minecraft:beef":13,"minecraft:light_gray_wool":1,"minecraft:oak_sapling":1,"minecraft:mutton":8,"minecraft:coal":58,"minecraft:white_wool":4,"minecraft:cobblestone":32,"minecraft:egg":2}},"DataVersion":3465}