{"stats":{"minecraft:mined":{"minecraft:crafting_table":1,"minecraft:grass":3,"minecraft:oak_log":21,"minecraft:grass_block":4,"minecraft:coal_ore":6,"minecraft:dirt":2,"minecraft:stone":18,"minecraft:oak_leaves":2},"minecraft:killed":{"minecraft:zombie":1,"minecraft:cow":12},"minecraft:crafted":{"minecraft:oak_planks":24,"minecraft:crafting_table":1,"minecraft:stick":12,"minecraft:wooden_pickaxe":1,"minecraft:stone_pickaxe":1,"minecraft:furnace":1,"minecraft:stone_axe":1},"minecraft:dropped":{"minecraft:wheat_seeds":1},"minecraft:picked_up":{"minecraft:crafting_table":1,"minecraft:leather":11,"minecraft:oak_log":21,"minecraft:dirt":6,"minecraft:rotten_flesh":2,"minecraft:wheat_seeds":1,"minecraft:beef":23,"minecraft:coal":6,"minecraft:cobblestone":18,"minecraft:egg":1},"minecraft:custom":{"minecraft:time_since_rest":15997,"minecraft:interact_with_furnace":2,"minecraft:sprint_one_cm":18502,"minecraft:damage_taken":65,"minecraft:walk_one_cm":21168,"minecraft:mob_kills":13,"minecraft:drop":1,"minecraft:damage_dealt":1400,"minecraft:interact_with_crafting_table":3,"minecraft:fly_one_cm":38700,"minecraft:crouch_one_cm":2091,"minecraft:play_time":15997,"minecraft:sneak_time":2176,"minecraft:jump":174,"minecraft:leave_game":2,"minecraft:time_since_death":15997,"minecraft:total_world_time":15997,"minecraft:fall_one_cm":5308},"minecraft:used":{"minecraft:stone_pickaxe":8,"minecraft:wooden_pickaxe":21,"minecraft:rotten_flesh":2,"minecraft:stone_axe":35,"minecraft:dirt":6,"minecraft:crafting_table":2,"minecraft:furnace":1,"minecraft:egg":1}},"DataVersion":3120}