{"stat.chestOpened":2,"stat.walkOneCm":38104,"stat.craftItem.spartanweaponry.rapier_iron":1,"stat.useItem.minecraft.torch":3,"stat.useItem.minecraft.bread":1,"stat.useItem.minecraft.iron_axe":11,"stat.leaveGame":2,"stat.pickup.minecraft.crafting_table":2,"stat.useItem.minecraft.cobblestone":3,"stat.craftItem.minecraft.crafting_table":1,"stat.furnaceInteraction":5,"stat.craftItem.minecraft.iron_axe":1,"stat.craftItem.spartanweaponry.material":4,"stat.mineBlock.minecraft.coal_ore":50,"stat.killEntity.elementalcreepers:DarkCreeper":1,"stat.pickup.minecraft.log":29,"stat.pickup.minecraft.string":15,"stat.useItem.minecraft.mutton":1,"stat.jump":189,"stat.swimOneCm":15565,"stat.pickup.minecraft.coal":50,"stat.fallOneCm":3297,"stat.pickup.minecraft.furnace":2,"stat.useItem.spartanweaponry.rapier_iron":28,"stat.craftItem.minecraft.stone_slab2":0,"stat.pickup.minecraft.gunpowder":10,"stat.crouchOneCm":8023,"stat.pickup.minecraft.spider_eye":5,"stat.killEntity.elementalcreepers:FriendlyCreeper":2,"stat.craftItem.minecraft.iron_ingot":8,"stat.craftItem.minecraft.torch":4,"stat.pickup.minecraft.sapling":12,"stat.pickup.minecraft.dirt":7,"stat.sprintOneCm":25082,"stat.useItem.minecraft.stone_slab2":7,"stat.craftItem.minecraft.stick":16,"stat.craftingTableInteraction":5,"stat.pickup.minecraft.iron_ore":45,"stat.craftItem.minecraft.furnace":1,"stat.useItem.minecraft.sapling":10,"stat.mineBlock.minecraft.cactus":3,"stat.pickup.minecraft.gold_ore":30,"stat.craftItem.minecraft.planks":24,"stat.mineBlock.minecraft.crafting_table":2,"stat.damageTaken":762,"stat.killEntity.Spider":12,"stat.craftItem.minecraft.stone_pickaxe":1,"stat.mineBlock.minecraft.furnace":2,"stat.mineBlock.minecraft.torch":4,"stat.useItem.minecraft.wooden_pickaxe":35,"stat.entityKilledBy.elementalcreepers:IllusionCreeper":1,"stat.pickup.minecraft.cobblestone":36,"stat.mobKills":16,"stat.mineBlock.minecraft.log":29,"stat.pickup.minecraft.planks":8,"stat.pickup.minecraft.reeds":2,"stat.flyOneCm":17438,"stat.deaths":1,"stat.playOneMinute":27021,"stat.pickup.minecraft.fish":1,"stat.pickup.minecraft.torch":4,"stat.useItem.minecraft.stone_pickaxe":101,"stat.pickup.minecraft.cactus":2,"stat.sneakTime":5339,"stat.craftItem.minecraft.iron_pickaxe":1,"stat.pickup.minecraft.wool":5,"stat.damageDealt":2886,"stat.mineBlock.minecraft.iron_ore":45,"stat.timeSinceDeath":16365,"stat.mineBlock.minecraft.dirt":7,"stat.useItem.minecraft.iron_pickaxe":34,"stat.craftItem.minecraft.wooden_pickaxe":1,"stat.mineBlock.minecraft.stone":36,"stat.mineBlock.minecraft.gold_ore":30,"stat.craftItem.minecraft.cooked_mutton":7,"stat.pickup.minecraft.mutton":8,"stat.diveOneCm":8371}