{"stat.walkOneCm":6652,"stat.entityKilledBy.Spider":2,"stat.craftItem.minecraft.planks":24,"stat.leaveGame":1,"stat.damageTaken":1125,"stat.craftItem.minecraft.crafting_table":1,"stat.mineBlock.minecraft.log":6,"stat.pickup.minecraft.log":6,"stat.flyOneCm":13195,"stat.deaths":4,"stat.jump":53,"stat.mineBlock.minecraft.leaves":9,"stat.swimOneCm":345,"stat.pickup.minecraft.egg":2,"stat.playOneMinute":16028,"stat.fallOneCm":1387,"stat.entityKilledBy.Skeleton":2,"stat.sneakTime":1393,"stat.damageDealt":40,"stat.crouchOneCm":2544,"stat.timeSinceDeath":8400,"stat.pickup.minecraft.dirt":10,"stat.useItem.minecraft.dirt":5,"stat.sprintOneCm":5580,"stat.mineBlock.minecraft.dirt":10,"stat.diveOneCm":170,"stat.craftItem.minecraft.stick":8}