{"stat.walkOneCm":29367,"stat.pickup.minecraft.bone":6,"stat.pickup.minecraft.stick":1,"stat.leaveGame":1,"stat.pickup.minecraft.arrow":6,"stat.pickup.minecraft.crafting_table":2,"stat.pickup.minecraft.stone_pickaxe":1,"stat.craftItem.minecraft.crafting_table":1,"stat.pickup.minecraft.stone_axe":1,"stat.pickup.minecraft.log":19,"stat.useItem.minecraft.rotten_flesh":8,"stat.pickup.minecraft.string":2,"stat.swimOneCm":3598,"stat.jump":272,"stat.fallOneCm":5673,"stat.entityKilledBy.Skeleton":2,"stat.pickup.minecraft.carrot":2,"stat.useItem.minecraft.stone_axe":34,"stat.pickup.minecraft.stone":1,"stat.crouchOneCm":7731,"stat.pickup.minecraft.dirt":31,"stat.useItem.minecraft.dirt":22,"stat.sprintOneCm":26754,"stat.useItem.minecraft.stone_slab2":2,"stat.pickup.minecraft.bow":2,"stat.craftItem.minecraft.stick":8,"stat.craftingTableInteraction":2,"stat.pickup.minecraft.iron_ore":27,"stat.pickup.minecraft.rotten_flesh":10,"stat.killEntity.Skeleton":2,"stat.entityKilledBy.Spider":2,"stat.craftItem.minecraft.planks":24,"stat.useItem.minecraft.egg":2,"stat.craftItem.minecraft.stone_axe":1,"stat.pickup.minecraft.wooden_pickaxe":1,"stat.damageTaken":1640,"stat.mineBlock.minecraft.crafting_table":1,"stat.killEntity.Spider":1,"stat.pickup.minecraft.stone_sword":1,"stat.craftItem.minecraft.stone_pickaxe":1,"stat.useItem.minecraft.wooden_pickaxe":16,"stat.pickup.minecraft.cobblestone":40,"stat.mobKills":26,"stat.mineBlock.minecraft.log":19,"stat.pickup.minecraft.planks":13,"stat.craftItem.minecraft.stone_sword":1,"stat.flyOneCm":35289,"stat.deaths":5,"stat.mineBlock.minecraft.leaves":11,"stat.pickup.minecraft.egg":6,"stat.playOneMinute":28628,"stat.entityKilledBy.Zombie":1,"stat.useItem.minecraft.stone_pickaxe":23,"stat.killEntity.Sheep":7,"stat.sneakTime":4008,"stat.useItem.minecraft.stone_sword":47,"stat.pickup.minecraft.wool":7,"stat.damageDealt":3294,"stat.mineBlock.minecraft.iron_ore":14,"stat.killEntity.Zombie":6,"stat.timeSinceDeath":5222,"stat.mineBlock.minecraft.dirt":26,"stat.craftItem.minecraft.wooden_pickaxe":1,"stat.mineBlock.minecraft.stone":25,"stat.mineBlock.minecraft.tallgrass":1,"stat.diveOneCm":6098,"stat.pickup.minecraft.mutton":9}