{"stats":{"minecraft:killed":{"minecraft:wolf":1,"minecraft:spider":7,"minecraft:creeper":2,"minecraft:sheep":5,"minecraft:skeleton":6,"minecraft:zombie":8,"minecraft:cow":7},"minecraft:dropped":{"minecraft:poisonous_potato":1,"minecraft:rotten_flesh":15,"minecraft:oak_sapling":1},"minecraft:mined":{"minecraft:farmland":1,"minecraft:smoker":1,"minecraft:crafting_table":2,"minecraft:torch":1,"minecraft:grass_block":1,"minecraft:cobblestone":2,"minecraft:spruce_leaves":2,"minecraft:lapis_ore":6,"minecraft:diorite":1,"minecraft:spawner":1,"minecraft:large_fern":2,"minecraft:furnace":2,"minecraft:iron_ore":47,"minecraft:sweet_berry_bush":18,"minecraft:spruce_log":19,"minecraft:potatoes":30,"minecraft:coal_ore":143,"minecraft:oak_log":16,"minecraft:gravel":4,"minecraft:dirt":2,"minecraft:stripped_oak_log":1,"minecraft:stone":48},"minecraft:broken":{"minecraft:stone_pickaxe":1},"minecraft:custom":{"minecraft:interact_with_furnace":11,"minecraft:mob_kills":36,"minecraft:interact_with_crafting_table":12,"minecraft:time_since_death":41799,"minecraft:time_since_rest":41799,"minecraft:sprint_one_cm":103867,"minecraft:damage_taken":786,"minecraft:walk_one_cm":62888,"minecraft:damage_blocked_by_shield":30,"minecraft:drop":3,"minecraft:damage_dealt":5362,"minecraft:fly_one_cm":90966,"minecraft:open_chest":7,"minecraft:crouch_one_cm":12380,"minecraft:play_time":41799,"minecraft:sneak_time":8897,"minecraft:walk_under_water_one_cm":1787,"minecraft:jump":714,"minecraft:walk_on_water_one_cm":3127,"minecraft:total_world_time":41799,"minecraft:interact_with_smoker":5,"minecraft:fall_one_cm":18098},"minecraft:used":{"minecraft:cooked_mutton":2,"minecraft:water_bucket":4,"minecraft:stone_sword":109,"minecraft:stone_pickaxe":131,"minecraft:shield":1,"minecraft:wooden_pickaxe":16,"minecraft:stone_hoe":1,"minecraft:iron_chestplate":1,"minecraft:torch":25,"minecraft:dirt":24,"minecraft:crafting_table":2,"minecraft:smoker":1,"minecraft:bread":2,"minecraft:iron_pickaxe":104,"minecraft:stone_axe":54,"minecraft:sweet_berries":44,"minecraft:furnace":2,"minecraft:bucket":5,"minecraft:egg":2,"minecraft:potato":30,"minecraft:cooked_beef":2,"minecraft:iron_leggings":1,"minecraft:bone_meal":78},"minecraft:crafted":{"minecraft:cooked_beef":13,"minecraft:oak_planks":4,"minecraft:crafting_table":1,"minecraft:spruce_planks":32,"minecraft:iron_helmet":1,"minecraft:wooden_pickaxe":1,"minecraft:furnace":2,"minecraft:bone_meal":78,"minecraft:stone_axe":1,"minecraft:cooked_mutton":8,"minecraft:air":0,"minecraft:iron_boots":1,"minecraft:iron_chestplate":1,"minecraft:shield":1,"minecraft:stick":20,"minecraft:iron_ingot":29,"minecraft:iron_pickaxe":1,"minecraft:stone_pickaxe":1,"minecraft:stone_sword":1,"minecraft:iron_leggings":1,"minecraft:torch":40,"minecraft:stone_hoe":1,"minecraft:smoker":1},"minecraft:picked_up":{"minecraft:stripped_oak_log":1,"minecraft:crafting_table":2,"minecraft:leather":8,"minecraft:smoker":1,"minecraft:potato":106,"minecraft:oak_log":16,"minecraft:gunpowder":2,"minecraft:lapis_lazuli":37,"minecraft:dirt":34,"minecraft:string":9,"minecraft:bone":10,"minecraft:beef":13,"minecraft:light_gray_wool":1,"minecraft:egg":2,"minecraft:furnace":2,"minecraft:stick":1,"minecraft:raw_iron":47,"minecraft:sweet_berries":38,"minecraft:torch":1,"minecraft:poisonous_potato":1,"minecraft:gravel":4,"minecraft:spruce_sapling":8,"minecraft:diorite":1,"minecraft:spruce_log":22,"minecraft:spider_eye":3,"minecraft:arrow":8,"minecraft:rotten_flesh":11,"minecraft:oak_sapling":1,"minecraft:mutton":8,"minecraft:coal":205,"minecraft:cobblestone":50,"minecraft:white_wool":4}},"DataVersion":3465}