{"stat.pickup.minecraft.pumpkin":4,"stat.walkOneCm":26111,"stat.pickup.minecraft.bone":21,"stat.drop.gravestone.death_info":1,"stat.pickup.minecraft.stick":8,"stat.entityKilledBy.divinerpg.pumpkin_spider":1,"stat.leaveGame":1,"stat.pickup.minecraft.arrow":6,"stat.pickup.minecraft.crafting_table":6,"stat.pickup.minecraft.stone_pickaxe":4,"stat.craftItem.minecraft.crafting_table":1,"stat.pickup.minecraft.stone_axe":4,"raiko.kill":3,"stat.furnaceInteraction":1,"stat.pickup.gravestone.death_info":6,"stat.pickup.minecraft.log":126,"stat.swimOneCm":10533,"stat.jump":148,"stat.fallOneCm":3591,"stat.pickup.minecraft.beef":8,"stat.pickup.minecraft.furnace":5,"stat.useItem.minecraft.stone_axe":21,"stat.crouchOneCm":5093,"stat.mineBlock.gravestone.gravestone":4,"stat.pickup.minecraft.sapling":37,"stat.pickup.minecraft.dirt":108,"stat.useItem.minecraft.dirt":2,"stat.sprintOneCm":13127,"stat.useItem.minecraft.stone_slab2":4,"stat.pickup.minecraft.apple":5,"stat.craftItem.minecraft.stick":8,"stat.killEntity.divinerpg.pumpkin_spider":1,"stat.craftingTableInteraction":4,"stat.killEntity.Skeleton":1,"stat.craftItem.minecraft.furnace":2,"stat.craftItem.minecraft.planks":24,"stat.craftItem.minecraft.stone_axe":1,"stat.pickup.minecraft.wooden_pickaxe":4,"stat.damageTaken":3615,"stat.mineBlock.minecraft.crafting_table":2,"stat.pickup.minecraft.leather":4,"stat.pickup.minecraft.feather":20,"stat.craftItem.minecraft.stone_pickaxe":1,"stat.useItem.minecraft.reeds":10,"stat.useItem.minecraft.wooden_pickaxe":31,"stat.useItem.minecraft.furnace":1,"stat.pickup.minecraft.cobblestone":47,"stat.mobKills":9,"stat.mineBlock.minecraft.log":30,"stat.pickup.minecraft.planks":13,"stat.pickup.minecraft.reeds":11,"stat.flyOneCm":33860,"stat.deaths":11,"stat.drop":1,"stat.mineBlock.minecraft.leaves":1,"stat.playOneMinute":19530,"stat.useItem.minecraft.stone_pickaxe":6,"stat.killEntity.Sheep":2,"stat.sneakTime":3733,"stat.pickup.minecraft.wool":8,"stat.damageDealt":1599,"stat.timeSinceDeath":477,"stat.killEntity.Cow":1,"stat.mineBlock.minecraft.dirt":32,"stat.craftItem.minecraft.wooden_pickaxe":1,"stat.mineBlock.minecraft.stone":27,"stat.mineBlock.minecraft.tallgrass":1,"stat.diveOneCm":21666,"stat.pickup.minecraft.mutton":2}