{"stat.pickup.minecraft.pumpkin":5,"stat.pickup.minecraft.bone":28,"stat.leaveGame":3,"stat.pickup.minecraft.arrow":10,"stat.pickup.minecraft.stone_pickaxe":5,"stat.pickup.minecraft.stone_axe":5,"raiko.kill":3,"stat.mineBlock.srparasites.gore":5,"stat.pickup.gravestone.death_info":19,"stat.craftItem.minecraft.coal":64,"stat.swimOneCm":20393,"stat.jump":558,"stat.fallOneCm":12715,"stat.craftItem.minecraft.birch_boat":1,"stat.useItem.minecraft.stone_axe":71,"stat.crouchOneCm":14450,"stat.mineBlock.gravestone.gravestone":14,"stat.craftItem.minecraft.torch":120,"stat.pickup.minecraft.dirt":212,"stat.useItem.minecraft.dirt":16,"stat.useItem.minecraft.stone_slab2":12,"stat.killEntity.divinerpg.pumpkin_spider":1,"stat.craftingTableInteraction":12,"stat.craftItem.minecraft.furnace":2,"stat.useItem.minecraft.egg":1,"stat.craftItem.minecraft.stone_axe":2,"stat.pickup.minecraft.wooden_pickaxe":5,"stat.damageTaken":5154,"stat.pickup.minecraft.leather":9,"stat.pickup.minecraft.feather":27,"stat.craftItem.minecraft.stone_pickaxe":1,"stat.mineBlock.minecraft.furnace":3,"stat.mineBlock.minecraft.red_flower":3,"stat.useItem.minecraft.reeds":17,"stat.useItem.minecraft.wooden_pickaxe":41,"stat.useItem.minecraft.furnace":2,"stat.pickup.minecraft.cobblestone":77,"stat.pickup.minecraft.dye":1,"stat.pickup.minecraft.planks":24,"stat.pickup.minecraft.reeds":50,"stat.useItem.minecraft.stone_shovel":63,"stat.flyOneCm":70385,"stat.pickup.minecraft.wheat_seeds":4,"stat.pickup.minecraft.brown_mushroom":2,"stat.mineBlock.minecraft.sand":3,"stat.useItem.minecraft.stone_pickaxe":36,"stat.damageDealt":3646,"stat.timeSinceDeath":28233,"stat.killEntity.Cow":5,"stat.mineBlock.minecraft.dirt":111,"stat.craftItem.minecraft.wooden_pickaxe":1,"stat.pickup.minecraft.mutton":4,"stat.craftItem.minecraft.stone_shovel":4,"stat.walkOneCm":89491,"stat.animalsBred":1,"stat.drop.gravestone.death_info":2,"stat.pickup.minecraft.stick":10,"stat.entityKilledBy.divinerpg.pumpkin_spider":1,"stat.pickup.minecraft.crafting_table":9,"stat.craftItem.minecraft.crafting_table":1,"stat.furnaceInteraction":22,"stat.killEntity.Wolf":3,"stat.pickup.minecraft.log":293,"stat.pickup.minecraft.beef":17,"stat.pickup.minecraft.furnace":9,"stat.craftItem.hammertime.itemhammerstone":1,"stat.craftItem.minecraft.stone_slab2":0,"stat.pickup.minecraft.chicken":2,"stat.pickup.minecraft.sapling":110,"stat.killEntity.Squid":2,"stat.sprintOneCm":47843,"stat.pickup.minecraft.apple":10,"stat.craftItem.minecraft.stick":64,"stat.killEntity.Skeleton":1,"stat.craftItem.minecraft.planks":76,"stat.craftItem.minecraft.stone":10,"stat.killEntity.Chicken":3,"stat.mineBlock.minecraft.crafting_table":4,"stat.mobKills":23,"stat.mineBlock.minecraft.log":173,"stat.deaths":17,"stat.drop":2,"stat.mineBlock.minecraft.leaves":1,"stat.pickup.minecraft.egg":1,"stat.killEntity.divinerpg.jack_o_man":2,"stat.playOneMinute":51609,"stat.killEntity.Sheep":2,"stat.pickup.minecraft.red_flower":3,"stat.sneakTime":6614,"stat.pickup.minecraft.wool":11,"stat.craftItem.minecraft.dye":3,"stat.mineBlock.minecraft.stone":53,"stat.mineBlock.minecraft.tallgrass":31,"stat.craftItem.minecraft.cooked_mutton":2,"stat.diveOneCm":39777}