{"stat.walkOneCm":17134,"stat.useItem.minecraft.iron_axe":8,"stat.leaveGame":2,"stat.pickup.minecraft.crafting_table":1,"stat.craftItem.minecraft.crafting_table":1,"stat.furnaceInteraction":2,"stat.craftItem.minecraft.iron_axe":1,"stat.pickup.minecraft.log":29,"stat.jump":87,"stat.swimOneCm":5299,"stat.fallOneCm":536,"stat.pickup.minecraft.furnace":1,"stat.craftItem.minecraft.stone_slab2":0,"stat.pickup.minecraft.gunpowder":4,"stat.crouchOneCm":2137,"stat.craftItem.minecraft.iron_ingot":8,"stat.pickup.minecraft.sapling":12,"stat.pickup.minecraft.dirt":7,"stat.sprintOneCm":11487,"stat.useItem.minecraft.stone_slab2":4,"stat.craftItem.minecraft.stick":8,"stat.craftingTableInteraction":4,"stat.pickup.minecraft.iron_ore":8,"stat.craftItem.minecraft.furnace":1,"stat.useItem.minecraft.sapling":10,"stat.craftItem.minecraft.planks":24,"stat.mineBlock.minecraft.crafting_table":1,"stat.damageTaken":525,"stat.craftItem.minecraft.stone_pickaxe":1,"stat.mineBlock.minecraft.furnace":1,"stat.useItem.minecraft.wooden_pickaxe":35,"stat.entityKilledBy.elementalcreepers:IllusionCreeper":1,"stat.pickup.minecraft.cobblestone":28,"stat.mineBlock.minecraft.log":29,"stat.pickup.minecraft.planks":8,"stat.flyOneCm":6821,"stat.deaths":1,"stat.playOneMinute":15321,"stat.pickup.minecraft.fish":1,"stat.useItem.minecraft.stone_pickaxe":9,"stat.sneakTime":2238,"stat.craftItem.minecraft.iron_pickaxe":1,"stat.pickup.minecraft.wool":5,"stat.damageDealt":315,"stat.mineBlock.minecraft.iron_ore":8,"stat.timeSinceDeath":4665,"stat.mineBlock.minecraft.dirt":7,"stat.craftItem.minecraft.wooden_pickaxe":1,"stat.mineBlock.minecraft.stone":28,"stat.pickup.minecraft.mutton":8,"stat.diveOneCm":5584}