{"stat.walkOneCm":13528,"stat.drop.gravestone.death_info":1,"stat.pickup.minecraft.stick":2,"stat.entityKilledBy.divinerpg.pumpkin_spider":1,"stat.pickup.minecraft.crafting_table":3,"stat.pickup.minecraft.stone_pickaxe":1,"stat.craftItem.minecraft.crafting_table":1,"stat.pickup.minecraft.stone_axe":1,"stat.pickup.minecraft.log":54,"stat.swimOneCm":1772,"stat.jump":63,"stat.fallOneCm":484,"stat.pickup.minecraft.furnace":2,"stat.useItem.minecraft.stone_axe":7,"stat.crouchOneCm":2574,"stat.mineBlock.gravestone.gravestone":1,"stat.pickup.minecraft.sapling":16,"stat.pickup.minecraft.dirt":40,"stat.sprintOneCm":5174,"stat.useItem.minecraft.stone_slab2":4,"stat.pickup.minecraft.apple":2,"stat.craftItem.minecraft.stick":8,"stat.craftingTableInteraction":4,"stat.craftItem.minecraft.furnace":2,"stat.craftItem.minecraft.planks":24,"stat.craftItem.minecraft.stone_axe":1,"stat.pickup.minecraft.wooden_pickaxe":1,"stat.damageTaken":887,"stat.mineBlock.minecraft.crafting_table":2,"stat.craftItem.minecraft.stone_pickaxe":1,"stat.useItem.minecraft.reeds":10,"stat.useItem.minecraft.wooden_pickaxe":31,"stat.pickup.minecraft.cobblestone":32,"stat.mineBlock.minecraft.log":30,"stat.pickup.minecraft.planks":13,"stat.pickup.minecraft.reeds":11,"stat.flyOneCm":3377,"stat.deaths":3,"stat.drop":1,"stat.playOneMinute":9985,"stat.useItem.minecraft.stone_pickaxe":6,"stat.sneakTime":1753,"stat.damageDealt":461,"stat.timeSinceDeath":584,"stat.mineBlock.minecraft.dirt":20,"stat.craftItem.minecraft.wooden_pickaxe":1,"stat.mineBlock.minecraft.stone":27,"stat.diveOneCm":10234}