{"stats":{"minecraft:killed":{"minecraft:wolf":1,"minecraft:spider":6,"minecraft:creeper":2,"minecraft:sheep":5,"minecraft:skeleton":5,"minecraft:zombie":8,"minecraft:cow":7},"minecraft:mined":{"minecraft:crafting_table":1,"minecraft:grass_block":1,"minecraft:cobblestone":2,"minecraft:spruce_leaves":2,"minecraft:diorite":1,"minecraft:spawner":1,"minecraft:large_fern":2,"minecraft:furnace":1,"minecraft:iron_ore":28,"minecraft:sweet_berry_bush":18,"minecraft:spruce_log":19,"minecraft:coal_ore":79,"minecraft:oak_log":16,"minecraft:gravel":4,"minecraft:dirt":2,"minecraft:stripped_oak_log":1,"minecraft:stone":34},"minecraft:custom":{"minecraft:interact_with_furnace":1,"minecraft:mob_kills":34,"minecraft:interact_with_crafting_table":3,"minecraft:time_since_death":29799,"minecraft:time_since_rest":29799,"minecraft:sprint_one_cm":82902,"minecraft:damage_taken":765,"minecraft:walk_one_cm":54678,"minecraft:damage_dealt":5002,"minecraft:fly_one_cm":75802,"minecraft:open_chest":6,"minecraft:crouch_one_cm":8476,"minecraft:play_time":29799,"minecraft:sneak_time":6520,"minecraft:walk_under_water_one_cm":1787,"minecraft:jump":603,"minecraft:walk_on_water_one_cm":3127,"minecraft:total_world_time":29799,"minecraft:interact_with_smoker":3,"minecraft:fall_one_cm":15913},"minecraft:used":{"minecraft:water_bucket":3,"minecraft:stone_sword":74,"minecraft:stone_pickaxe":130,"minecraft:wooden_pickaxe":16,"minecraft:torch":15,"minecraft:dirt":23,"minecraft:crafting_table":2,"minecraft:smoker":1,"minecraft:bread":2,"minecraft:stone_axe":53,"minecraft:sweet_berries":44,"minecraft:furnace":1,"minecraft:bucket":4,"minecraft:cooked_beef":2},"minecraft:crafted":{"minecraft:cooked_beef":13,"minecraft:oak_planks":4,"minecraft:crafting_table":1,"minecraft:spruce_planks":32,"minecraft:wooden_pickaxe":1,"minecraft:furnace":2,"minecraft:stone_axe":1,"minecraft:air":0,"minecraft:stick":16,"minecraft:stone_pickaxe":1,"minecraft:stone_sword":1,"minecraft:torch":40,"minecraft:smoker":1},"minecraft:picked_up":{"minecraft:stripped_oak_log":1,"minecraft:crafting_table":1,"minecraft:leather":8,"minecraft:potato":1,"minecraft:oak_log":16,"minecraft:gunpowder":2,"minecraft:dirt":33,"minecraft:string":9,"minecraft:bone":9,"minecraft:beef":13,"minecraft:light_gray_wool":1,"minecraft:egg":2,"minecraft:furnace":1,"minecraft:stick":1,"minecraft:raw_iron":28,"minecraft:sweet_berries":38,"minecraft:gravel":4,"minecraft:spruce_sapling":8,"minecraft:diorite":1,"minecraft:spruce_log":22,"minecraft:spider_eye":3,"minecraft:arrow":8,"minecraft:rotten_flesh":11,"minecraft:oak_sapling":1,"minecraft:mutton":8,"minecraft:coal":79,"minecraft:cobblestone":36,"minecraft:white_wool":4}},"DataVersion":3465}