{"stat.pickup.minecraft.pumpkin":5,"stat.pickup.minecraft.bone":28,"stat.leaveGame":2,"stat.pickup.minecraft.arrow":8,"stat.pickup.minecraft.stone_pickaxe":5,"stat.pickup.minecraft.stone_axe":5,"raiko.kill":3,"stat.mineBlock.srparasites.gore":5,"stat.pickup.gravestone.death_info":19,"stat.craftItem.minecraft.coal":59,"stat.swimOneCm":18254,"stat.jump":494,"stat.fallOneCm":11753,"stat.useItem.minecraft.stone_axe":66,"stat.crouchOneCm":9425,"stat.mineBlock.gravestone.gravestone":14,"stat.craftItem.minecraft.torch":120,"stat.pickup.minecraft.dirt":147,"stat.useItem.minecraft.dirt":11,"stat.useItem.minecraft.stone_slab2":10,"stat.killEntity.divinerpg.pumpkin_spider":1,"stat.craftingTableInteraction":8,"stat.craftItem.minecraft.furnace":2,"stat.useItem.minecraft.egg":1,"stat.craftItem.minecraft.stone_axe":2,"stat.pickup.minecraft.wooden_pickaxe":5,"stat.damageTaken":5154,"stat.pickup.minecraft.leather":9,"stat.pickup.minecraft.feather":25,"stat.craftItem.minecraft.stone_pickaxe":1,"stat.mineBlock.minecraft.furnace":1,"stat.useItem.minecraft.reeds":17,"stat.useItem.minecraft.wooden_pickaxe":41,"stat.useItem.minecraft.furnace":2,"stat.pickup.minecraft.cobblestone":74,"stat.pickup.minecraft.dye":1,"stat.pickup.minecraft.planks":24,"stat.pickup.minecraft.reeds":21,"stat.flyOneCm":66727,"stat.pickup.minecraft.wheat_seeds":2,"stat.pickup.minecraft.brown_mushroom":2,"stat.useItem.minecraft.stone_pickaxe":29,"stat.damageDealt":3521,"stat.timeSinceDeath":22298,"stat.killEntity.Cow":5,"stat.mineBlock.minecraft.dirt":46,"stat.craftItem.minecraft.wooden_pickaxe":1,"stat.pickup.minecraft.mutton":4,"stat.walkOneCm":79228,"stat.animalsBred":1,"stat.drop.gravestone.death_info":2,"stat.pickup.minecraft.stick":10,"stat.entityKilledBy.divinerpg.pumpkin_spider":1,"stat.pickup.minecraft.crafting_table":7,"stat.craftItem.minecraft.crafting_table":1,"stat.furnaceInteraction":18,"stat.killEntity.Wolf":3,"stat.pickup.minecraft.log":293,"stat.pickup.minecraft.beef":17,"stat.pickup.minecraft.furnace":7,"stat.craftItem.hammertime.itemhammerstone":1,"stat.craftItem.minecraft.stone_slab2":0,"stat.pickup.minecraft.sapling":110,"stat.killEntity.Squid":2,"stat.sprintOneCm":43394,"stat.pickup.minecraft.apple":10,"stat.craftItem.minecraft.stick":40,"stat.killEntity.Skeleton":1,"stat.craftItem.minecraft.planks":72,"stat.craftItem.minecraft.stone":10,"stat.mineBlock.minecraft.crafting_table":2,"stat.mobKills":20,"stat.mineBlock.minecraft.log":173,"stat.deaths":17,"stat.drop":2,"stat.mineBlock.minecraft.leaves":1,"stat.pickup.minecraft.egg":1,"stat.killEntity.divinerpg.jack_o_man":2,"stat.playOneMinute":45674,"stat.killEntity.Sheep":2,"stat.sneakTime":5435,"stat.pickup.minecraft.wool":11,"stat.mineBlock.minecraft.stone":49,"stat.mineBlock.minecraft.tallgrass":31,"stat.craftItem.minecraft.cooked_mutton":2,"stat.diveOneCm":39777}