{"stats":{"minecraft:killed":{"minecraft:wolf":1,"minecraft:spider":10,"minecraft:creeper":3,"minecraft:sheep":5,"minecraft:skeleton":9,"minecraft:zombie":16,"minecraft:enderman":1,"minecraft:cow":7},"minecraft:dropped":{"minecraft:stone_hoe":1,"minecraft:poisonous_potato":1,"minecraft:rotten_flesh":15,"minecraft:name_tag":1,"minecraft:oak_sapling":1,"minecraft:bone":1},"minecraft:mined":{"minecraft:farmland":1,"minecraft:smoker":1,"minecraft:crafting_table":2,"minecraft:torch":1,"minecraft:grass_block":1,"minecraft:cobblestone":3,"minecraft:deepslate_gold_ore":16,"minecraft:spruce_leaves":2,"minecraft:lapis_ore":6,"minecraft:diorite":1,"minecraft:spawner":2,"minecraft:large_fern":2,"minecraft:furnace":2,"minecraft:iron_ore":64,"minecraft:sweet_berry_bush":18,"minecraft:spruce_log":19,"minecraft:deepslate_lapis_ore":5,"minecraft:potatoes":30,"minecraft:coal_ore":145,"minecraft:oak_log":16,"minecraft:deepslate_iron_ore":34,"minecraft:gravel":4,"minecraft:dirt":4,"minecraft:stripped_oak_log":1,"minecraft:stone":50,"minecraft:deepslate":68},"minecraft:broken":{"minecraft:stone_pickaxe":1,"minecraft:stone_sword":1,"minecraft:iron_pickaxe":1},"minecraft:custom":{"minecraft:interact_with_furnace":11,"minecraft:mob_kills":52,"minecraft:interact_with_crafting_table":12,"minecraft:leave_game":1,"minecraft:time_since_death":58305,"minecraft:time_since_rest":58305,"minecraft:sprint_one_cm":160214,"minecraft:damage_taken":1074,"minecraft:walk_one_cm":81660,"minecraft:damage_blocked_by_shield":200,"minecraft:drop":6,"minecraft:damage_dealt":8424,"minecraft:swim_one_cm":528,"minecraft:fly_one_cm":184153,"minecraft:open_chest":10,"minecraft:crouch_one_cm":17859,"minecraft:play_time":58305,"minecraft:sneak_time":12078,"minecraft:walk_under_water_one_cm":2112,"minecraft:jump":1188,"minecraft:walk_on_water_one_cm":5467,"minecraft:total_world_time":58305,"minecraft:interact_with_smoker":5,"minecraft:fall_one_cm":32207},"minecraft:used":{"minecraft:cooked_mutton":8,"minecraft:water_bucket":7,"minecraft:stone_sword":159,"minecraft:stone_pickaxe":131,"minecraft:shield":7,"minecraft:wooden_pickaxe":16,"minecraft:stone_hoe":1,"minecraft:iron_chestplate":1,"minecraft:torch":83,"minecraft:dirt":31,"minecraft:crafting_table":2,"minecraft:smoker":1,"minecraft:bread":2,"minecraft:iron_pickaxe":250,"minecraft:stone_axe":59,"minecraft:sweet_berries":44,"minecraft:furnace":2,"minecraft:bucket":8,"minecraft:egg":2,"minecraft:potato":30,"minecraft:cooked_beef":2,"minecraft:iron_leggings":1,"minecraft:bone_meal":78},"minecraft:crafted":{"minecraft:cooked_beef":13,"minecraft:oak_planks":4,"minecraft:crafting_table":1,"minecraft:spruce_planks":72,"minecraft:iron_helmet":1,"minecraft:wooden_pickaxe":1,"minecraft:furnace":2,"minecraft:bone_meal":78,"minecraft:stone_axe":1,"minecraft:cooked_mutton":8,"minecraft:air":0,"minecraft:iron_boots":1,"minecraft:iron_chestplate":1,"minecraft:shield":1,"minecraft:stick":32,"minecraft:iron_ingot":29,"minecraft:iron_pickaxe":1,"minecraft:stone_pickaxe":1,"minecraft:stone_sword":1,"minecraft:iron_leggings":1,"minecraft:torch":88,"minecraft:stone_hoe":1,"minecraft:smoker":1},"minecraft:picked_up":{"minecraft:stripped_oak_log":1,"minecraft:crafting_table":2,"minecraft:leather":8,"minecraft:smoker":1,"minecraft:potato":106,"minecraft:oak_log":16,"minecraft:gunpowder":3,"minecraft:lapis_lazuli":60,"minecraft:dirt":36,"minecraft:string":15,"minecraft:bone":10,"minecraft:cobbled_deepslate":68,"minecraft:raw_gold":16,"minecraft:beef":13,"minecraft:light_gray_wool":1,"minecraft:egg":2,"minecraft:furnace":2,"minecraft:stick":1,"minecraft:raw_iron":98,"minecraft:sweet_berries":38,"minecraft:torch":1,"minecraft:poisonous_potato":1,"minecraft:gravel":4,"minecraft:spruce_sapling":8,"minecraft:diorite":1,"minecraft:spruce_log":22,"minecraft:spider_eye":3,"minecraft:arrow":10,"minecraft:rotten_flesh":13,"minecraft:oak_sapling":1,"minecraft:mutton":8,"minecraft:coal":207,"minecraft:cobblestone":53,"minecraft:white_wool":4,"minecraft:ender_pearl":1}},"DataVersion":3465}