{"stats":{"minecraft:mined":{"minecraft:furnace":1,"minecraft:crafting_table":2,"minecraft:grass":6,"minecraft:grass_block":4,"minecraft:oak_log":21,"minecraft:coal_ore":22,"minecraft:dirt":2,"minecraft:stone":47,"minecraft:oak_leaves":2},"minecraft:killed":{"minecraft:sheep":9,"minecraft:horse":2,"minecraft:zombie":3,"minecraft:pig":9,"minecraft:spider":1,"minecraft:cow":12},"minecraft:crafted":{"spartanweaponry:stone_saber":1,"minecraft:cooked_beef":23,"minecraft:oak_planks":24,"minecraft:crafting_table":1,"minecraft:stick":16,"minecraft:wooden_pickaxe":1,"minecraft:stone_pickaxe":1,"minecraft:furnace":1,"spartanweaponry:handle":4,"onlyhammers:stone_hammer":1,"minecraft:stone_axe":1,"minecraft:air":0},"minecraft:dropped":{"minecraft:wheat_seeds":1},"minecraft:picked_up":{"minecraft:crafting_table":2,"minecraft:leather":13,"minecraft:porkchop":18,"minecraft:oak_log":21,"minecraft:string":2,"minecraft:dirt":6,"minecraft:rotten_flesh":3,"minecraft:wheat_seeds":1,"minecraft:beef":23,"minecraft:light_gray_wool":2,"minecraft:mutton":15,"minecraft:coal":25,"minecraft:furnace":1,"minecraft:white_wool":7,"minecraft:cobblestone":47,"minecraft:egg":1},"minecraft:custom":{"minecraft:time_since_rest":35308,"minecraft:interact_with_furnace":6,"minecraft:sprint_one_cm":35055,"minecraft:damage_taken":253,"minecraft:walk_one_cm":50260,"minecraft:mob_kills":36,"minecraft:drop":1,"minecraft:damage_dealt":4061,"minecraft:interact_with_crafting_table":6,"minecraft:fly_one_cm":71747,"minecraft:crouch_one_cm":3130,"minecraft:play_time":35308,"minecraft:sneak_time":2685,"minecraft:jump":439,"minecraft:leave_game":5,"minecraft:walk_on_water_one_cm":242,"minecraft:time_since_death":35308,"minecraft:total_world_time":35308,"minecraft:fall_one_cm":12692},"minecraft:used":{"spartanweaponry:stone_saber":37,"minecraft:stone_pickaxe":10,"minecraft:wooden_pickaxe":21,"minecraft:rotten_flesh":2,"minecraft:stone_axe":36,"minecraft:dirt":6,"minecraft:crafting_table":2,"minecraft:furnace":1,"minecraft:egg":1,"minecraft:cooked_beef":3,"onlyhammers:stone_hammer":51}},"DataVersion":3120}