{"stats":{"minecraft:mined":{"minecraft:furnace":1,"minecraft:crafting_table":2,"minecraft:grass":6,"minecraft:grass_block":4,"minecraft:oak_log":21,"minecraft:coal_ore":22,"minecraft:dirt":2,"minecraft:stone":47,"minecraft:oak_leaves":2},"minecraft:killed":{"minecraft:sheep":1,"minecraft:zombie":1,"minecraft:pig":5,"minecraft:cow":12},"minecraft:crafted":{"spartanweaponry:stone_saber":1,"minecraft:cooked_beef":23,"minecraft:oak_planks":24,"minecraft:crafting_table":1,"minecraft:stick":16,"minecraft:wooden_pickaxe":1,"minecraft:stone_pickaxe":1,"minecraft:furnace":1,"spartanweaponry:handle":4,"onlyhammers:stone_hammer":1,"minecraft:stone_axe":1,"minecraft:air":0},"minecraft:dropped":{"minecraft:wheat_seeds":1},"minecraft:picked_up":{"minecraft:crafting_table":2,"minecraft:leather":11,"minecraft:porkchop":13,"minecraft:oak_log":21,"minecraft:dirt":6,"minecraft:rotten_flesh":2,"minecraft:wheat_seeds":1,"minecraft:beef":23,"minecraft:mutton":2,"minecraft:coal":25,"minecraft:furnace":1,"minecraft:white_wool":1,"minecraft:cobblestone":47,"minecraft:egg":1},"minecraft:custom":{"minecraft:time_since_rest":25956,"minecraft:interact_with_furnace":6,"minecraft:sprint_one_cm":27758,"minecraft:damage_taken":105,"minecraft:walk_one_cm":34360,"minecraft:mob_kills":19,"minecraft:drop":1,"minecraft:damage_dealt":1980,"minecraft:interact_with_crafting_table":6,"minecraft:fly_one_cm":56319,"minecraft:crouch_one_cm":2658,"minecraft:play_time":25956,"minecraft:sneak_time":2416,"minecraft:jump":311,"minecraft:leave_game":4,"minecraft:time_since_death":25956,"minecraft:total_world_time":25956,"minecraft:fall_one_cm":9125},"minecraft:used":{"spartanweaponry:stone_saber":11,"minecraft:stone_pickaxe":10,"minecraft:wooden_pickaxe":21,"minecraft:rotten_flesh":2,"minecraft:stone_axe":36,"minecraft:dirt":6,"minecraft:crafting_table":2,"minecraft:furnace":1,"minecraft:egg":1,"minecraft:cooked_beef":2,"onlyhammers:stone_hammer":51}},"DataVersion":3120}