{"stat.walkOneCm":86796,"stat.craftItem.minecraft.bed":1,"stat.pickup.minecraft.bone":15,"stat.pickup.minecraft.stick":3,"stat.leaveGame":1,"stat.pickup.minecraft.arrow":15,"stat.pickup.minecraft.crafting_table":5,"stat.mineBlock.minecraft.cobblestone":7,"stat.pickup.minecraft.stone_pickaxe":3,"stat.useItem.minecraft.cobblestone":14,"stat.craftItem.minecraft.crafting_table":1,"stat.pickup.minecraft.stone_axe":3,"stat.mineBlock.minecraft.double_plant":1,"stat.mineBlock.minecraft.coal_ore":124,"stat.killEntity.Creeper":3,"stat.talkedToVillager":6,"stat.pickup.minecraft.log":45,"stat.useItem.minecraft.rotten_flesh":14,"stat.pickup.minecraft.string":6,"stat.swimOneCm":6667,"stat.jump":737,"stat.pickup.minecraft.coal":162,"stat.fallOneCm":20139,"stat.entityKilledBy.Skeleton":2,"stat.pickup.minecraft.carrot":56,"stat.useItem.minecraft.stone_axe":70,"stat.pickup.minecraft.stone":1,"stat.pickup.minecraft.gunpowder":4,"stat.crouchOneCm":19503,"stat.pickup.minecraft.spider_eye":1,"stat.pickup.minecraft.dirt":40,"stat.useItem.minecraft.dirt":25,"stat.sprintOneCm":76740,"stat.useItem.minecraft.stone_slab2":10,"stat.entityKilledBy.Enderman":1,"stat.pickup.minecraft.bow":4,"stat.craftItem.minecraft.stick":8,"stat.craftingTableInteraction":3,"stat.pickup.minecraft.iron_ore":55,"stat.pickup.minecraft.rotten_flesh":16,"stat.killEntity.Skeleton":3,"stat.entityKilledBy.Spider":2,"stat.craftItem.minecraft.planks":24,"stat.useItem.minecraft.egg":3,"stat.craftItem.minecraft.stone_axe":1,"stat.useItem.minecraft.wheat_seeds":65,"stat.pickup.minecraft.wooden_pickaxe":3,"stat.damageTaken":2224,"stat.mineBlock.minecraft.crafting_table":2,"stat.killEntity.Spider":2,"stat.pickup.minecraft.feather":2,"stat.pickup.minecraft.stone_sword":3,"stat.craftItem.minecraft.stone_pickaxe":1,"stat.useItem.minecraft.wooden_pickaxe":59,"stat.pickup.minecraft.cobblestone":117,"stat.mobKills":56,"stat.pickup.minecraft.book":21,"stat.mineBlock.minecraft.log":19,"stat.mineBlock.minecraft.bookshelf":7,"stat.pickup.minecraft.planks":39,"stat.pickup.minecraft.reeds":23,"stat.craftItem.minecraft.stone_sword":1,"stat.flyOneCm":112740,"stat.pickup.minecraft.bed":3,"stat.deaths":7,"stat.pickup.minecraft.wheat_seeds":79,"stat.mineBlock.minecraft.leaves":12,"stat.pickup.minecraft.egg":27,"stat.pickup.minecraft.potato":25,"stat.playOneMinute":52928,"stat.entityKilledBy.Zombie":1,"stat.useItem.minecraft.stone_pickaxe":131,"stat.killEntity.Sheep":23,"stat.sneakTime":11693,"stat.useItem.minecraft.stone_sword":78,"stat.pickup.minecraft.wool":55,"stat.damageDealt":6427,"stat.mineBlock.minecraft.iron_ore":14,"stat.killEntity.Zombie":7,"stat.sleepInBed":2,"stat.pickup.srparasites.infected_flesh":1,"stat.timeSinceDeath":17987,"stat.mineBlock.minecraft.dirt":27,"stat.craftItem.minecraft.wooden_pickaxe":1,"stat.mineBlock.minecraft.stone":47,"stat.mineBlock.minecraft.tallgrass":2,"stat.diveOneCm":7800,"stat.pickup.minecraft.mutton":73,"stat.pickup.minecraft.wheat":51}