{"stats":{"minecraft:mined":{"minecraft:coal_ore":18,"minecraft:grass_block":1,"minecraft:spruce_leaves":1,"minecraft:spruce_log":17,"minecraft:stone":20,"minecraft:crafting_table":1},"minecraft:custom":{"minecraft:time_since_rest":5799,"minecraft:crouch_one_cm":2405,"minecraft:play_time":5799,"minecraft:sprint_one_cm":3280,"minecraft:damage_taken":40,"minecraft:walk_one_cm":4154,"minecraft:sneak_time":1962,"minecraft:jump":21,"minecraft:time_since_death":5799,"minecraft:total_world_time":5799,"minecraft:interact_with_crafting_table":2,"minecraft:fall_one_cm":1379,"minecraft:fly_one_cm":2033},"minecraft:used":{"minecraft:stone_axe":11,"minecraft:dirt":1,"minecraft:crafting_table":1,"minecraft:stone_pickaxe":22,"minecraft:wooden_pickaxe":16},"minecraft:crafted":{"minecraft:stone_sword":1,"minecraft:furnace":1,"minecraft:stone_axe":1,"minecraft:crafting_table":1,"minecraft:spruce_planks":32,"minecraft:stick":8,"minecraft:stone_pickaxe":1,"minecraft:wooden_pickaxe":1},"minecraft:picked_up":{"minecraft:crafting_table":1,"minecraft:spruce_log":17,"minecraft:coal":18,"minecraft:dirt":1,"minecraft:cobblestone":20}},"DataVersion":3465}