{"stat.pickup.minecraft.pumpkin":5,"stat.pickup.minecraft.bone":28,"stat.leaveGame":2,"stat.pickup.minecraft.arrow":8,"stat.pickup.minecraft.stone_pickaxe":5,"stat.pickup.minecraft.stone_axe":5,"raiko.kill":3,"stat.mineBlock.srparasites.gore":5,"stat.pickup.gravestone.death_info":19,"stat.swimOneCm":15584,"stat.jump":323,"stat.fallOneCm":6805,"stat.useItem.minecraft.stone_axe":48,"stat.crouchOneCm":7699,"stat.mineBlock.gravestone.gravestone":14,"stat.pickup.minecraft.dirt":144,"stat.useItem.minecraft.dirt":9,"stat.useItem.minecraft.stone_slab2":9,"stat.killEntity.divinerpg.pumpkin_spider":1,"stat.craftingTableInteraction":4,"stat.craftItem.minecraft.furnace":2,"stat.useItem.minecraft.egg":1,"stat.craftItem.minecraft.stone_axe":1,"stat.pickup.minecraft.wooden_pickaxe":5,"stat.damageTaken":5104,"stat.pickup.minecraft.leather":5,"stat.pickup.minecraft.feather":25,"stat.craftItem.minecraft.stone_pickaxe":1,"stat.mineBlock.minecraft.furnace":1,"stat.useItem.minecraft.reeds":15,"stat.useItem.minecraft.wooden_pickaxe":31,"stat.useItem.minecraft.furnace":2,"stat.pickup.minecraft.cobblestone":69,"stat.pickup.minecraft.planks":24,"stat.pickup.minecraft.reeds":18,"stat.flyOneCm":51188,"stat.pickup.minecraft.wheat_seeds":1,"stat.pickup.minecraft.brown_mushroom":2,"stat.useItem.minecraft.stone_pickaxe":24,"stat.damageDealt":2825,"stat.timeSinceDeath":9698,"stat.killEntity.Cow":1,"stat.mineBlock.minecraft.dirt":43,"stat.craftItem.minecraft.wooden_pickaxe":1,"stat.pickup.minecraft.mutton":2,"stat.walkOneCm":57366,"stat.drop.gravestone.death_info":2,"stat.pickup.minecraft.stick":10,"stat.entityKilledBy.divinerpg.pumpkin_spider":1,"stat.pickup.minecraft.crafting_table":7,"stat.craftItem.minecraft.crafting_table":1,"stat.furnaceInteraction":3,"stat.killEntity.Wolf":1,"stat.pickup.minecraft.log":222,"stat.pickup.minecraft.beef":10,"stat.pickup.minecraft.furnace":7,"stat.craftItem.minecraft.stone_slab2":0,"stat.pickup.minecraft.sapling":75,"stat.killEntity.Squid":1,"stat.sprintOneCm":34114,"stat.pickup.minecraft.apple":8,"stat.craftItem.minecraft.stick":8,"stat.killEntity.Skeleton":1,"stat.craftItem.minecraft.planks":24,"stat.mineBlock.minecraft.crafting_table":2,"stat.mobKills":13,"stat.mineBlock.minecraft.log":102,"stat.deaths":17,"stat.drop":2,"stat.mineBlock.minecraft.leaves":1,"stat.pickup.minecraft.egg":1,"stat.killEntity.divinerpg.jack_o_man":2,"stat.playOneMinute":33074,"stat.killEntity.Sheep":2,"stat.sneakTime":4918,"stat.pickup.minecraft.wool":10,"stat.mineBlock.minecraft.stone":44,"stat.mineBlock.minecraft.tallgrass":10,"stat.craftItem.minecraft.cooked_mutton":2,"stat.diveOneCm":33508}