{"stat.walkOneCm":49737,"stat.craftItem.minecraft.bed":1,"stat.pickup.minecraft.bone":14,"stat.pickup.minecraft.stick":3,"stat.leaveGame":1,"stat.pickup.minecraft.arrow":14,"stat.pickup.minecraft.crafting_table":4,"stat.mineBlock.minecraft.cobblestone":5,"stat.pickup.minecraft.stone_pickaxe":3,"stat.useItem.minecraft.cobblestone":13,"stat.craftItem.minecraft.crafting_table":1,"stat.pickup.minecraft.stone_axe":3,"stat.mineBlock.minecraft.double_plant":1,"stat.mineBlock.minecraft.coal_ore":72,"stat.pickup.minecraft.log":45,"stat.useItem.minecraft.rotten_flesh":12,"stat.pickup.minecraft.string":4,"stat.swimOneCm":4666,"stat.jump":535,"stat.pickup.minecraft.coal":107,"stat.fallOneCm":15231,"stat.entityKilledBy.Skeleton":2,"stat.pickup.minecraft.carrot":4,"stat.useItem.minecraft.stone_axe":48,"stat.pickup.minecraft.stone":1,"stat.crouchOneCm":13679,"stat.pickup.minecraft.dirt":39,"stat.useItem.minecraft.dirt":24,"stat.sprintOneCm":52401,"stat.useItem.minecraft.stone_slab2":5,"stat.entityKilledBy.Enderman":1,"stat.pickup.minecraft.bow":4,"stat.craftItem.minecraft.stick":8,"stat.craftingTableInteraction":3,"stat.pickup.minecraft.iron_ore":55,"stat.pickup.minecraft.rotten_flesh":14,"stat.killEntity.Skeleton":2,"stat.entityKilledBy.Spider":2,"stat.craftItem.minecraft.planks":24,"stat.useItem.minecraft.egg":3,"stat.craftItem.minecraft.stone_axe":1,"stat.pickup.minecraft.wooden_pickaxe":3,"stat.damageTaken":2184,"stat.mineBlock.minecraft.crafting_table":1,"stat.killEntity.Spider":1,"stat.pickup.minecraft.feather":2,"stat.pickup.minecraft.stone_sword":3,"stat.craftItem.minecraft.stone_pickaxe":1,"stat.useItem.minecraft.wooden_pickaxe":16,"stat.pickup.minecraft.cobblestone":113,"stat.mobKills":41,"stat.mineBlock.minecraft.log":19,"stat.pickup.minecraft.planks":39,"stat.pickup.minecraft.reeds":15,"stat.craftItem.minecraft.stone_sword":1,"stat.flyOneCm":86883,"stat.pickup.minecraft.bed":1,"stat.deaths":7,"stat.mineBlock.minecraft.leaves":12,"stat.pickup.minecraft.egg":25,"stat.playOneMinute":40328,"stat.entityKilledBy.Zombie":1,"stat.useItem.minecraft.stone_pickaxe":120,"stat.killEntity.Sheep":16,"stat.sneakTime":8005,"stat.useItem.minecraft.stone_sword":60,"stat.pickup.minecraft.wool":48,"stat.damageDealt":4598,"stat.mineBlock.minecraft.iron_ore":14,"stat.killEntity.Zombie":6,"stat.sleepInBed":1,"stat.timeSinceDeath":5387,"stat.mineBlock.minecraft.dirt":26,"stat.craftItem.minecraft.wooden_pickaxe":1,"stat.mineBlock.minecraft.stone":45,"stat.mineBlock.minecraft.tallgrass":2,"stat.diveOneCm":7800,"stat.pickup.minecraft.mutton":63}