{"stats":{"minecraft:mined":{"minecraft:grass":1,"minecraft:oak_log":5,"minecraft:coal_ore":1,"minecraft:stone":14,"minecraft:oak_leaves":1},"minecraft:crafted":{"minecraft:oak_planks":20,"minecraft:stone_axe":1,"minecraft:crafting_table":2,"minecraft:stick":12,"minecraft:wooden_pickaxe":1,"minecraft:stone_pickaxe":1},"minecraft:killed":{"minecraft:sheep":10,"minecraft:cow":4},"minecraft:picked_up":{"minecraft:leather":3,"minecraft:beef":8,"minecraft:oak_log":5,"minecraft:light_gray_wool":1,"minecraft:mutton":15,"minecraft:white_wool":8,"minecraft:cobblestone":14},"minecraft:custom":{"minecraft:time_since_rest":7512,"minecraft:crouch_one_cm":11,"minecraft:play_time":7512,"minecraft:sprint_one_cm":20852,"minecraft:damage_taken":40,"minecraft:walk_one_cm":12582,"minecraft:sneak_time":31,"minecraft:mob_kills":14,"minecraft:jump":191,"minecraft:damage_dealt":1200,"minecraft:leave_game":3,"minecraft:time_since_death":7512,"minecraft:total_world_time":7512,"minecraft:interact_with_crafting_table":4,"minecraft:fly_one_cm":43224,"minecraft:fall_one_cm":4507},"minecraft:used":{"minecraft:stone_axe":15,"minecraft:crafting_table":1,"minecraft:stone_pickaxe":12,"minecraft:wooden_pickaxe":3}},"DataVersion":3120}