{
  "divinerpg:overworld/root": {
    "criteria": {
      "divinerpg": "2024-07-28 16:22:12 +0000"
    },
    "done": true
  },
  "blue_skies:recipes/blocks/wood/starlit_chest": {
    "criteria": {
      "has_planks": "2024-07-28 16:22:12 +0000"
    },
    "done": true
  },
  "minecraft:recipes/building_blocks/oak_planks": {
    "criteria": {
      "has_log": "2024-07-28 16:23:16 +0000"
    },
    "done": true
  },
  "tombstone:tutorial/root": {
    "criteria": {
      "auto": "2024-07-28 16:22:12 +0000"
    },
    "done": true
  },
  "blue_skies:recipes/blocks/wood/bluebright_chest": {
    "criteria": {
      "has_planks": "2024-07-28 16:22:12 +0000"
    },
    "done": true
  },
  "iceandfire:iceandfire/root": {
    "criteria": {
      "tick": "2024-07-28 16:22:12 +0000"
    },
    "done": true
  },
  "blue_skies:recipes/blocks/wood/cherry_chest": {
    "criteria": {
      "has_planks": "2024-07-28 16:22:12 +0000"
    },
    "done": true
  },
  "blue_skies:recipes/blocks/wood/frostbright_chest": {
    "criteria": {
      "has_planks": "2024-07-28 16:22:12 +0000"
    },
    "done": true
  },
  "blue_skies:recipes/blocks/wood/lunar_chest": {
    "criteria": {
      "has_planks": "2024-07-28 16:22:12 +0000"
    },
    "done": true
  },
  "blue_skies:recipes/blocks/wood/dusk_chest": {
    "criteria": {
      "has_planks": "2024-07-28 16:22:12 +0000"
    },
    "done": true
  },
  "blue_skies:recipes/blocks/wood/maple_chest": {
    "criteria": {
      "has_planks": "2024-07-28 16:22:12 +0000"
    },
    "done": true
  },
  "mowziesmobs:root": {
    "criteria": {
      "custom_test_name": "2024-07-28 16:22:12 +0000"
    },
    "done": true
  },
  "minecraft:adventure/adventuring_time": {
    "criteria": {
      "forest": "2024-07-28 16:22:12 +0000"
    },
    "done": false
  },
  "blue_skies:rewards/blue_lore": {
    "criteria": {
      "tick": "2024-07-28 16:22:12 +0000"
    },
    "done": true
  }
}